category,product_id,brand,name,size,price,rrp,discount,rating,quantity,product_url,image_url
health,360812,Wan Shou Yuan,Japan 3rd Generation Eisenia Fetida Enzyme PLUS 60 capsules,Size: 60 capsules,"€256,50","€274,00",Save 6%,,3,https://www.strawberrynet.com/en/wan-shou-yuan-japan-3rd-generation-eisenia-fetida-enzyme-plus-60-capsules-60-capsules/360812,https://a.cdnsbn.com/images/products/36081271571.jpg
health,363013,Camel MT,Camel Milk Powder,Size: 1packs,"€7,00",,,,26,https://www.strawberrynet.com/en/-camel-milk-powder-1packs/363013,https://a.cdnsbn.com/images/products/36301365671.jpg
health,362558,Baikal Legend,Biochaga (Exp. Date 1 OCT 2026),Size: 13g,"€60,50",,,,250,https://www.strawberrynet.com/en/-biochaga-13g/362558,https://a.cdnsbn.com/images/products/36255869771.jpg
health,362557,Baikal Legend,Dihydroquercetin,Size: 13g,"€190,00",,,,250,https://www.strawberrynet.com/en/-dihydroquercetin-13g/362557,https://a.cdnsbn.com/images/products/36255769771.jpg
health,351226,Hua To Fu Yuan Tang,Kampo Probiotics,Size: 2g x 30 packs,"€49,00","€117,50",Save 58%,,88,https://www.strawberrynet.com/en/hua-to-fu-yuan-tang-kampo-probiotics-2g-x-30-packs/351226,https://a.cdnsbn.com/images/products/35122671371.jpg
health,351227,Hua To Fu Yuan Tang,Future Slender 5X Probiotic,Size: 60pcs,"€49,00","€117,50",Save 58%,,171,https://www.strawberrynet.com/en/hua-to-fu-yuan-tang-future-slender-5x-probiotic-60pcs/351227,https://a.cdnsbn.com/images/products/35122771371.jpg
health,351228,Hua To Fu Yuan Tang,"Goji, Chrysanthemum and Marigold Extract Lutein",Size: 60pcs,"€49,00","€117,50",Save 58%,,90,https://www.strawberrynet.com/en/hua-to-fu-yuan-tang-goji-chrysanthemum-and-marigold-extract-lutein-60pcs/351228,https://a.cdnsbn.com/images/products/35122871371.jpg
health,351229,Hua To Fu Yuan Tang,Patented Sequenced Bitter Melon Capsules,Size: 60pcs,"€49,00","€117,50",Save 58%,,164,https://www.strawberrynet.com/en/hua-to-fu-yuan-tang-patented-sequenced-bitter-melon-capsules-60pcs/351229,https://a.cdnsbn.com/images/products/35122971371.jpg
health,347317,Hin Sang,Hin Sang Premium Health Star (Granules) (Advanced),Size: 10g x 20 packs,"€18,00",,,,4548,https://www.strawberrynet.com/en/hin-sang-premium-health-star-granules-advanced-10g-x-20-packs/347317,https://a.cdnsbn.com/images/products/34731707782.jpg
health,345446,Niebieta,Niebieta - Marigold Extract Lutein - Plus (Exp. Date 7 Aug 2026),Size: 30pcs,"€83,50","€84,00",Save 1%,,1,https://www.strawberrynet.com/en/niebieta-marigold-extract-lutein-plus-30pcs/345446,https://a.cdnsbn.com/images/products/34544661671.jpg
health,336550,EcKare,Relaxation Essential Oil Patch(Exp Date 22 Nov 2026),Size: 40pcs(8pcs x5),"€25,50","€26,00",Save 2%,,308,https://www.strawberrynet.com/en/eckare-relaxation-essential-oil-patch-exp-date-22-nov-2026-40pcs-8pcs-x5/336550,https://a.cdnsbn.com/images/products/33655096171.jpg
health,335154,Wan Shou Yuan,Japan 3rd Generation Eisenia Fetida Enzyme PLUS 60 capsules,Size: 60 capsules,"€256,50","€274,00",Save 6%,,872,https://www.strawberrynet.com/en/wan-shou-yuan-japan-3rd-generation-eisenia-fetida-enzyme-plus-60-capsules-60-capsules/335154,https://a.cdnsbn.com/images/products/33515471571.jpg
health,334388,Blackmores,Vitamin E 500IU 150 Capsules (Parallel Import) (Exp. Date: 20 July 2026),Size: 150 Capsules,"€31,50","€36,00",Save 12%,,3,https://www.strawberrynet.com/en/blackmores-vitamin-e-500iu-150-capsules-parallel-import-150-capsules/334388,https://a.cdnsbn.com/images/products/33438897671.jpg
health,333380,Comvita,Kids Yummy Honey,Size: 500g,"€16,50","€23,00",Save 28%,,2,https://www.strawberrynet.com/en/comvita-kids-yummy-honey-500g/333380,https://a.cdnsbn.com/images/products/33338080071.jpg
health,333106,DHC,Chondroitin Supplement 90tablets (30 days) (Exp. Date 01 May 2026),Size: 90 capsules,"€12,50","€23,00",Save 46%,,1,https://www.strawberrynet.com/en/dhc-chondroitin-supplement-90tablets-30-days-90-capsules/333106,https://a.cdnsbn.com/images/products/33310652871.jpg
health,311716,Go Healthy,[Authorized Sales Agent] GO Healthy GO Manuka Honey UMF 8+ 500gm,Size: 500gm,"€45,50","€99,00",Save 54%,,13,https://www.strawberrynet.com/en/go-healthy-authorized-sales-agent-go-manuka-honey-umf-8-500gm-500gm/311716,https://a.cdnsbn.com/images/products/31171603871.jpg
health,311717,Go Healthy,[Authorized Sales Agent] GO Healthy GO Manuka Honey UMF 16+ 250gm,Size: 250gm,"€56,50","€116,00",Save 51%,,1,https://www.strawberrynet.com/en/go-healthy-authorized-sales-agent-go-manuka-honey-umf-16-250gm-250gm/311717,https://a.cdnsbn.com/images/products/31171703871.jpg
health,310107,Fancl,Fancl FDR Sensitive Skin Care Body Shampoo - 150ml,Size: 150ml,"€14,50","€15,00",Save 3%,,2,https://www.strawberrynet.com/en/fancl-fdr-sensitive-skin-care-body-shampoo-150ml-150ml/310107,https://a.cdnsbn.com/images/products/31010732171.jpg
health,309223,Blackmores,NATURAL VITAMIN E 1000IU 100 CAPSULES (Exp. Date 30 May 2026),Size: 100 Capsules,"€35,50","€36,00",Save 1%,,4,https://www.strawberrynet.com/en/blackmores-natural-vitamin-e-1000iu-100-capsules-100-capsules/309223,https://a.cdnsbn.com/images/products/30922397671.jpg
health,303380,KQ,Protos - Latex Examination Gloves -white (S),Size: S,"€10,50","€19,50",Save 46%,,2,https://www.strawberrynet.com/en/kq-protos-latex-examination-gloves-white-s-s/303380,https://a.cdnsbn.com/images/products/30338007671.jpg
health,303381,KQ,Protos - Latex Examination Gloves -white (M),Size: M,"€10,50","€19,50",Save 46%,,10,https://www.strawberrynet.com/en/kq-protos-latex-examination-gloves-white-m-m/303381,https://a.cdnsbn.com/images/products/30338107671.jpg
health,303383,KQ,Protos - Latex Examination Gloves -white (L),Size: L,"€10,50","€19,50",Save 46%,,7,https://www.strawberrynet.com/en/kq-protos-latex-examination-gloves-white-l-l/303383,https://a.cdnsbn.com/images/products/30338307671.jpg
health,303418,Viartril-S,Viartril-S - 1500mg Glucosamine Sulphate 30's Sachet,Size: 30 pcs,"€73,50","€87,00",Save 16%,,1,https://www.strawberrynet.com/en/viartril-s-1500mg-glucosamine-sulphate-30-s-sachet-30-pcs/303418,https://a.cdnsbn.com/images/products/30341847371.jpg
health,300190,Wing Ming Medical,Strongseal Pills (300 Pills),Size: 300pcs/box,"€50,50","€52,50",Save 4%,,5,https://www.strawberrynet.com/en/wing-ming-medical-strongseal-pills-300-pills-300pcs-box/300190,https://a.cdnsbn.com/images/products/30019025571.jpg
health,300245,Kobayashi,Mopidick Baby Lotion 40ml,Size: 40ml,"€11,50",,,,8,https://www.strawberrynet.com/en/kobayashi-mopidick-baby-lotion-40ml-40ml/300245,https://a.cdnsbn.com/images/products/30024598771.jpg
health,300878,A2Care,Anti bacterial Deodorizing Mist Bottle,Size: 350ml,"€16,50",,,,29,https://www.strawberrynet.com/en/a2care-anti-bacterial-deodorizing-mist-bottle-350ml/300878,https://a.cdnsbn.com/images/products/30087860571.jpg
health,282866,Yen Mei Hui,Hebe Care Lutein Maximum Moisturizer & Nourishment (Exp Date: 8/6/2026),Size: 30capsules,"€45,50","€70,50",Save 35%,,10,https://www.strawberrynet.com/en/yen-mei-hui-hebe-care-lutein-maximum-moisturizer-nourishment-exp-date-8-6-2026-30capsules/282866,https://a.cdnsbn.com/images/products/28286671671.jpg
health,283521,EcKare,Collagen 5000mg Peptide Drink,Size: 24x50ml,"€59,50","€82,50",Save 28%,,2,https://www.strawberrynet.com/en/eckare-collagen-5000mg-peptide-drink-24x50ml/283521,https://a.cdnsbn.com/images/products/28352196171.jpg
health,277617,SlimWalk,Medical Compression Lymphatic Pantyhose - # Beige (Size: S-M),Size: 1pair,"€18,50","€21,00",Save 12%,,38,https://www.strawberrynet.com/en/slim-walk-medical-compression-lymphatic-pantyhose-beige-size-s-m-1pair/277617,https://a.cdnsbn.com/images/products/27761798309.jpg
health,277618,SlimWalk,"Compression Leggings for Sports (Sweat-Absorbent, Quick-Drying) - # Black (Size: S-M)",Size: 1pair,"€26,50","€30,50",Save 13%,,30,https://www.strawberrynet.com/en/slim-walk-compression-leggings-for-sports-sweat-absorbent-quick-drying-black-size-s-m-1pair/277618,https://a.cdnsbn.com/images/products/27761898309.jpg
health,277619,SlimWalk,Compression Leggings with Taping Function for Sports - # Black (Size: S-M),Size: 1pair,"€29,50","€30,50",Save 3%,,68,https://www.strawberrynet.com/en/slim-walk-compression-leggings-with-taping-function-for-sports-black-size-s-m-1pair/277619,https://a.cdnsbn.com/images/products/27761998309.jpg
health,277620,SlimWalk,Compression Fat-Burning Support Shape Shorts for Sports - #Blacks (Size: M),Size: 1pair,"€26,50","€30,50",Save 13%,,59,https://www.strawberrynet.com/en/slim-walk-compression-fat-burning-support-shape-shorts-for-sports-blacks-size-m-1pair/277620,https://a.cdnsbn.com/images/products/27762098309.jpg
health,277621,SlimWalk,"Buttocks Shorts for Sports, #Black (Size: M)",Size: 1pair,"€25,50","€28,50",Save 11%,,66,https://www.strawberrynet.com/en/slim-walk-buttocks-shorts-for-sports-black-size-m-1pair/277621,https://a.cdnsbn.com/images/products/27762198309.jpg
health,277623,SlimWalk,Compression Stockings for Beautiful Legs - # Beige (Size: S-M),Size: 1pair,"€18,50","€21,00",Save 12%,,34,https://www.strawberrynet.com/en/slim-walk-compression-stockings-for-beautiful-legs-beige-size-s-m-1pair/277623,https://a.cdnsbn.com/images/products/27762398309.jpg
health,278084,SlimWalk,"Compression Leggings for Sports (Sweat-Absorbent, Quick-Drying) - # Black (Size: M-L)",Size: 1pair,"€27,00","€30,50",Save 11%,,35,https://www.strawberrynet.com/en/slim-walk-compression-leggings-for-sports-sweat-absorbent-quick-drying-black-size-m-l-1pair/278084,https://a.cdnsbn.com/images/products/27808498309.jpg
health,278086,SlimWalk,Compression Fat-Burning Support Shape Shorts - # Black (Size: L),Size: 1pair,"€27,00","€30,50",Save 11%,,57,https://www.strawberrynet.com/en/slim-walk-compression-fat-burning-support-shape-shorts-black-size-l-1pair/278086,https://a.cdnsbn.com/images/products/27808698309.jpg
health,278087,SlimWalk,"Buttocks Shorts for Sports, #Black (Size: L)",Size: 1pair,"€25,50","€28,50",Save 11%,,66,https://www.strawberrynet.com/en/slim-walk-buttocks-shorts-for-sports-black-size-l-1pair/278087,https://a.cdnsbn.com/images/products/27808798309.jpg
health,278088,SlimWalk,"Compression Open-Toe Socks For Relax, Moisturizing - # Pink (Size: S-M)",Size: 1pair,"€26,50","€29,50",Save 10%,,39,https://www.strawberrynet.com/en/slim-walk-compression-open-toe-socks-for-relax-moisturizing-pink-size-s-m-1pair/278088,https://a.cdnsbn.com/images/products/27808898309.jpg
health,278089,SlimWalk,"Compression Open-Toe Socks For Relax, Moisturizing - # Pink (Size: M-L)",Size: 1pair,"€27,00","€29,50",Save 8%,,42,https://www.strawberrynet.com/en/slim-walk-compression-open-toe-socks-for-relax-moisturizing-pink-size-m-l-1pair/278089,https://a.cdnsbn.com/images/products/27808998309.jpg
health,278090,SlimWalk,Compression Stockings for Beautiful Legs - # Beige (Size:M-L),Size: 1pair,"€18,50","€21,00",Save 12%,,1,https://www.strawberrynet.com/en/slim-walk-compression-stockings-for-beautiful-legs-beige-size-m-l-1pair/278090,https://a.cdnsbn.com/images/products/27809098309.jpg
health,278092,SlimWalk,"Compression Tights, Stepped Pressure Design - # Black (Size: M-L)",Size: 1pair,"€23,00","€26,00",Save 12%,,18,https://www.strawberrynet.com/en/slim-walk-compression-tights-stepped-pressure-design-black-size-m-l-1pair/278092,https://a.cdnsbn.com/images/products/27809298309.jpg
health,278085,SlimWalk,Compression Leggings with Taping Function for Sports - #Black (Size: M-L),Size: 1pair,"€29,50","€30,50",Save 3%,,59,https://www.strawberrynet.com/en/slim-walk-compression-leggings-with-taping-function-for-sports-black-size-m-l-1pair/278085,https://a.cdnsbn.com/images/products/27808598309.jpg
health,277586,SlimWalk,"Medical Lymphatic Compression Socks, Long Type - # Black (Size: M-L)",Size: 1pair,"€29,50","€31,50",Save 6%,,2,https://www.strawberrynet.com/en/slim-walk-medical-lymphatic-compression-socks-long-type-black-size-m-l-1pair/277586,https://a.cdnsbn.com/images/products/27758698309.jpg
health,277591,SlimWalk,Beautiful Butt Spats Sleep Compression Spats - # Lavender (Size: S-M),Size: 1pair,"€32,50","€35,00",Save 7%,,50,https://www.strawberrynet.com/en/slim-walk-beautiful-butt-spats-sleep-compression-spats-lavender-size-s-m-1pair/277591,https://a.cdnsbn.com/images/products/27759198309.jpg
health,277593,SlimWalk,Cooling Compression Sleep Pantyhose - # Light Blue (Size: S-M),Size: 1pair,"€32,50","€35,00",Save 7%,,20,https://www.strawberrynet.com/en/slim-walk-cooling-compression-sleep-pantyhose-light-blue-size-s-m-1pair/277593,https://a.cdnsbn.com/images/products/27759398309.jpg
health,277585,SlimWalk,"Medical Lymphatic Compression Socks, Long Type - # Black (Size: S-M)",Size: 1pair,"€29,50","€31,50",Save 6%,,12,https://www.strawberrynet.com/en/slim-walk-medical-lymphatic-compression-socks-long-type-black-size-s-m-1pair/277585,https://a.cdnsbn.com/images/products/27758598309.jpg
health,277589,SlimWalk,Compression Pantyhose With Supporting Function For Pelvis - # Black (Size: S-M),Size: 1pair,"€13,50","€15,00",Save 10%,,51,https://www.strawberrynet.com/en/slim-walk-compression-pantyhose-with-supporting-function-for-pelvis-black-size-s-m-1pair/277589,https://a.cdnsbn.com/images/products/27758998309.jpg
health,277584,SlimWalk,"Compression Medical Lymphatic Open-Toe Socks, Short Type - # Black (Size: S-M)",Size: 1pair,"€26,50","€28,50",Save 7%,,35,https://www.strawberrynet.com/en/slim-walk-compression-medical-lymphatic-open-toe-socks-short-type-black-size-s-m-1pair/277584,https://a.cdnsbn.com/images/products/27758498309.jpg
health,277581,SlimWalk,"Compression Medical Lymphatic Open-Toe Socks, Short Type - # Black (Size: M-L)",Size: 1pair,"€26,50","€28,50",Save 7%,,27,https://www.strawberrynet.com/en/slim-walk-compression-medical-lymphatic-open-toe-socks-short-type-black-size-m-l-1pair/277581,https://a.cdnsbn.com/images/products/27758198309.jpg
